{"cameraMode":{"drawMode":0,"name":"Shaded","section":"Shading Mode"},"sceneLighting":false,"audioPlay":false,"sceneViewState":{"showFog":true,"showMaterialUpdate":false,"showSkybox":true,"showFlares":true,"showImageEffects":true,"showParticleSystems":true},"in2DMode":false,"pivot":{"x":29.080509185791017,"y":0.9455907344818115,"z":15.976731300354004},"rotation":{"x":0.008128337562084198,"y":-0.5332825183868408,"z":0.005125457886606455,"w":0.8458837866783142},"size":13.265427589416504,"orthographic":false}