{"cameraMode":{"drawMode":0,"name":"Shaded","section":"Shading Mode"},"sceneLighting":true,"audioPlay":false,"sceneViewState":{"showFog":true,"showMaterialUpdate":false,"showSkybox":false,"showFlares":true,"showImageEffects":true,"showParticleSystems":true},"in2DMode":false,"pivot":{"x":0.257000207901001,"y":0.004000186920166016,"z":-0.15600013732910157},"rotation":{"x":-0.04215715080499649,"y":-0.8778323531150818,"z":0.07838208228349686,"w":-0.47082284092903139},"size":44.37150573730469,"orthographic":false}